280082,M,NA,No_Metastasis,,,Yes
280095,F,55,No_Metastasis,,,Yes
290008,M,NA,No_Metastasis,,,Yes
290039,F,34,No_Metastasis,,,Yes
280077,F,26,No_Metastasis,,,Yes
280086,M,16,No_Metastasis,,,Yes
280094,F,NA,No_Metastasis,,,Yes
280099,F,NA,No_Metastasis,,,Yes
290000,F,75,No_Metastasis,,,Yes
290005,F,NA,No_Metastasis,,,Yes
290007,F,42,No_Metastasis,,,Yes
290010,M,NA,No_Metastasis,,,Yes
290021,F,39,No_Metastasis,,,Yes
290022,F,39,No_Metastasis,,,Yes
290050,F,10,No_Metastasis,,,Yes
290033,F,58,No_Metastasis,,,Yes
290037,F,66,No_Metastasis,,,Yes
290012,F,30,Metastasis,,,Yes
290016,M,97,Metastasis,,,Yes
290018,F,38,Metastasis,,,Yes
290019,F,45,Metastasis,,,Yes
290020,F,40,Metastasis,,,Yes
290024,F,63,Metastasis,,,Yes
270087,F,25,Metastasis,Yes,,Yes
270097,M,66,Metastasis,No,,Yes
280003,M,61,Metastasis,Yes,,Yes
280004,F,60,Metastasis,No,,Yes
280024,F,76,Metastasis,No,,Yes
280098,F,67,Metastasis,No,,Yes
290004,M,48,Metastasis,Yes,,Yes
290011,M,NA,Metastasis,Yes,,Yes
290013,M,59,Metastasis,Yes,,Yes
290014,F,49,Metastasis,No,,Yes
290015,F,40,Metastasis,No,,Yes
290017,M,48,Metastasis,Yes,,Yes
290023,M,71,Metastasis,,,Yes
290025,M,37,Metastasis,Yes,,Yes
290026,M,55,Metastasis,No,,Yes
290035,M,63,Metastasis,Yes,,Yes
290038,F,42,Metastasis,Yes,,Yes
290051,F,54,Metastasis,No,,Yes
